id,bert-1
0,2
1,2
2,0
3,1
4,2
5,0
6,1
7,2
8,1
9,1
10,0
11,2
12,1
13,2
14,1
15,1
16,2
17,0
18,2
19,2
20,2
21,2
22,1
23,2
24,0
25,1
26,0
27,2
28,0
29,1
30,2
31,1
32,0
33,2
34,0
35,2
36,1
37,0
38,2
39,2
40,2
41,2
42,2
43,2
44,0
45,1
46,1
47,1
48,2
49,2
50,0
51,1
52,2
53,0
54,0
55,0
56,2
57,0
58,1
59,1
60,1
61,1
62,0
63,1
64,0
65,0
66,2
67,2
68,2
69,2
70,1
71,2
72,0
73,2
74,1
75,2
76,0
77,2
78,1
79,2
80,2
81,0
82,0
83,0
84,0
85,2
86,1
87,2
88,2
89,2
90,2
91,0
92,0
93,0
94,0
95,2
96,1
97,2
98,2
99,2
100,2
101,0
102,1
103,2
104,0
105,0
106,0
107,2
108,2
109,2
110,2
111,2
112,2
113,1
114,1
115,0
116,2
117,0
118,1
119,2
120,2
121,1
122,2
123,0
124,0
125,2
126,0
127,0
128,2
129,1
130,2
131,1
132,2
133,1
134,1
135,1
136,0
137,2
138,2
139,0
140,0
141,0
142,2
143,2
144,2
145,1
146,1
147,0
148,0
149,0
150,2
151,2
152,2
153,1
154,0
155,1
156,1
157,0
158,0
159,2
160,1
161,2
162,1
163,2
164,1
165,0
166,0
167,1
168,0
169,2
170,1
171,0
172,2
173,2
174,2
175,1
176,1
177,0
178,1
179,2
180,0
181,1
182,1
183,0
184,0
185,1
186,2
187,2
188,0
189,0
190,2
191,1
192,2
193,2
194,2
195,2
196,2
197,2
198,1
199,1
200,0
201,0
202,0
203,1
204,0
205,0
206,1
207,0
208,0
209,1
210,0
211,1
212,2
213,2
214,2
215,0
216,0
217,1
218,0
219,1
220,1
221,1
222,0
223,2
224,2
225,0
226,2
227,1
228,0
229,2
230,0
231,1
232,1
233,0
234,1
235,0
236,0
237,2
238,1
239,2
240,1
241,1
242,1
243,0
244,2
245,1
246,1
247,1
248,2
249,1
250,0
251,1
252,2
253,0
254,1
255,2
256,0
257,2
258,0
259,1
260,0
261,2
262,0
263,1
264,1
265,0
266,1
267,0
268,2
269,0
270,0
271,0
272,0
273,0
274,0
275,1
276,0
277,0
278,1
279,1
280,2
281,1
282,0
283,1
284,0
285,0
286,0
287,1
288,0
289,2
290,2
291,0
292,2
293,0
294,0
295,0
296,1
297,1
298,1
299,0
300,0
301,0
302,0
303,2
304,0
305,0
306,2
307,1
308,2
309,1
310,1
311,2
312,1
313,2
314,2
315,0
316,2
317,0
318,0
319,2
320,1
321,1
322,0
323,0
324,0
325,0
326,2
327,0
328,1
329,0
330,1
331,2
332,0
333,0
334,2
335,2
336,0
337,1
338,0
339,0
340,1
341,2
342,1
343,0
344,1
345,0
346,2
347,1
348,2
349,0
350,0
351,0
352,0
353,0
354,1
355,0
356,0
357,2
358,2
359,0
360,0
361,2
362,2
363,0
364,1
365,1
366,1
367,2
368,0
369,2
370,2
371,2
372,0
373,0
374,2
375,0
376,0
377,2
378,1
379,2
380,1
381,1
382,2
383,1
384,1
385,0
386,0
387,1
388,0
389,1
390,2
391,1
392,1
393,1
394,0
395,1
396,2
397,2
398,0
399,1
400,0
401,0
402,2
403,0
404,0
405,0
406,2
407,0
408,0
409,2
410,1
411,1
412,0
413,2
414,1
415,0
416,2
417,2
418,2
419,2
420,2
421,2
422,0
423,2
424,0
425,2
426,1
427,2
428,2
429,0
430,2
431,1
432,0
433,1
434,2
435,0
436,1
437,2
438,0
439,1
440,2
441,1
442,0
443,1
444,0
445,0
446,1
447,1
448,1
449,1
450,2
451,1
452,2
453,2
454,1
455,1
456,1
457,1
458,1
459,2
460,0
461,2
462,2
463,0
464,1
465,0
466,2
467,0
468,0
469,2
470,0
471,2
472,2
473,2
474,2
475,0
476,1
477,2
478,0
479,2
480,2
481,2
482,2
483,0
484,1
485,0
486,2
487,0
488,0
489,0
490,1
491,2
492,1
493,1
494,2
495,0
496,0
497,0
498,0
499,1
500,2
501,2
502,0
503,0
504,0
505,2
506,2
507,2
508,2
509,2
510,2
511,1
512,0
513,2
514,0
515,2
516,1
517,2
518,2
519,2
520,1
521,0
522,1
523,2
524,1
525,1
526,1
527,2
528,2
529,2
530,1
531,2
532,1
533,2
534,0
535,1
536,0
537,0
538,1
539,1
540,0
541,1
542,2
543,2
544,1
545,0
546,0
547,0
548,0
549,2
550,0
551,2
552,1
553,1
554,1
555,2
556,2
557,2
558,2
559,2
560,1
561,1
562,2
563,2
564,1
565,1
566,0
567,1
568,0
569,1
570,1
571,1
572,1
573,0
574,2
575,2
576,0
577,1
578,2
579,0
580,0
581,2
582,2
583,0
584,1
585,1
586,0
587,2
588,2
589,1
590,0
591,0
592,2
593,2
594,2
595,0
596,1
597,1
598,2
599,1
600,0
601,2
602,0
603,2
604,2
605,1
606,0
607,2
608,1
609,0
610,2
611,1
612,0
613,0
614,1
615,1
616,1
617,0
618,2
619,0
620,1
621,1
622,1
623,1
624,0
625,2
626,2
627,0
628,2
629,0
630,0
631,1
632,2
633,1
634,2
635,1
636,0
637,1
638,0
639,2
640,2
641,2
642,0
643,0
644,2
645,1
646,1
647,0
648,1
649,2
650,2
651,2
652,2
653,1
654,0
655,0
656,1
657,0
658,1
659,0
660,2
661,1
662,1
663,0
664,1
665,1
666,0
667,2
668,2
669,2
670,0
671,1
672,2
673,0
674,0
675,2
676,2
677,0
678,0
679,1
680,2
681,0
682,2
683,2
684,2
685,2
686,1
687,2
688,0
689,1
690,0
691,2
692,2
693,2
694,0
695,0
696,1
697,1
698,0
699,2
700,1
701,0
702,2
703,0
704,2
705,0
706,2
707,1
708,0
709,2
710,1
711,2
712,2
713,2
714,2
715,1
716,2
717,0
718,2
719,1
720,2
721,1
722,2
723,1
724,0
725,1
726,2
727,0
728,0
729,2
730,0
731,1
732,0
733,1
734,2
735,1
736,2
737,2
738,2
739,1
740,2
741,2
742,0
743,2
744,2
745,2
746,0
747,1
748,2
749,0
750,0
751,2
752,2
753,0
754,1
755,2
756,0
757,2
758,2
759,1
760,1
761,0
762,0
763,2
764,2
765,2
766,1
767,0
768,1
769,0
770,2
771,0
772,1
773,0
774,2
775,2
776,0
777,2
778,2
779,1
780,1
781,2
782,0
783,2
784,1
785,1
786,2
787,0
788,1
789,0
790,1
791,1
792,0
793,0
794,0
795,2
796,0
797,0
798,1
799,0
800,1
801,1
802,0
803,0
804,1
805,0
806,1
807,0
808,2
809,1
810,0
811,2
812,0
813,1
814,0
815,2
816,2
817,1
818,0
819,2
820,0
821,2
822,1
823,2
824,2
825,0
826,2
827,2
828,0
829,2
830,2
831,0
832,0
833,1
834,1
835,0
836,2
837,0
838,0
839,1
840,0
841,1
842,0
843,1
844,0
845,2
846,0
847,2
848,1
849,1
850,0
851,1
852,0
853,0
854,0
855,2
856,1
857,2
858,2
859,2
860,2
861,1
862,0
863,2
864,1
865,0
866,2
867,0
868,0
869,1
870,1
871,0
872,0
873,2
874,0
875,2
876,2
877,1
878,0
879,1
880,0
881,2
882,0
883,2
884,0
885,2
886,2
887,1
888,2
889,2
890,1
891,2
892,0
893,2
894,0
895,2
896,2
897,2
898,0
899,2
900,2
901,0
902,2
903,0
904,2
905,0
906,0
907,0
908,1
909,1
910,0
911,0
912,2
913,1
914,1
915,1
916,1
917,0
918,2
919,2
920,1
921,0
922,2
923,1
924,2
925,0
926,2
927,1
928,1
929,2
930,1
931,0
932,0
933,2
934,2
935,1
936,2
937,0
938,1
939,0
940,2
941,2
942,1
943,1
944,0
945,2
946,1
947,2
948,1
949,0
950,0
951,0
952,2
953,0
954,1
955,2
956,0
957,1
958,2
959,1
960,0
961,2
962,2
963,1
964,2
965,2
966,2
967,1
968,0
969,1
970,0
971,2
972,0
973,0
974,1
975,0
976,2
977,0
978,1
979,0
980,2
981,0
982,2
983,2
984,2
985,1
986,0
987,2
988,1
989,0
990,0
991,2
992,0
993,2
994,1
995,2
996,0
997,2
998,1
999,2
1000,2
1001,2
1002,2
1003,1
1004,0
1005,0
1006,2
1007,2
1008,2
1009,2
1010,1
1011,0
1012,0
1013,1
1014,1
1015,1
1016,2
1017,0
1018,1
1019,1
1020,1
1021,0
1022,1
1023,2
1024,1
1025,2
1026,2
1027,1
1028,2
1029,0
1030,2
1031,1
1032,0
1033,0
1034,2
1035,0
1036,0
1037,0
1038,1
1039,0
1040,2
1041,0
1042,1
1043,0
1044,0
1045,1
1046,2
1047,0
1048,1
1049,0
1050,0
1051,1
1052,0
1053,2
1054,0
1055,2
1056,1
1057,0
1058,1
1059,1
1060,2
1061,2
1062,0
1063,0
1064,0
1065,2
1066,2
1067,2
1068,2
1069,1
1070,2
1071,1
1072,0
1073,2
1074,0
1075,1
1076,1
1077,0
1078,0
1079,0
1080,0
1081,2
1082,1
1083,1
1084,0
1085,0
1086,0
1087,2
1088,0
1089,0
1090,0
1091,1
1092,1
1093,0
1094,0
1095,0
1096,2
1097,2
1098,2
1099,0
1100,1
1101,1
1102,2
1103,0
1104,2
1105,2
1106,0
1107,2
1108,1
1109,0
1110,1
1111,0
1112,0
1113,1
1114,0
1115,2
1116,0
1117,1
1118,1
1119,0
1120,1
1121,2
1122,1
1123,1
1124,2
1125,1
1126,0
1127,1
1128,2
1129,0
1130,1
1131,1
1132,0
1133,1
1134,2
1135,0
1136,2
1137,1
1138,2
1139,2
1140,1
1141,2
1142,0
1143,0
1144,0
1145,2
1146,2
1147,0
1148,0
1149,0
1150,2
1151,2
1152,0
1153,0
1154,1
1155,1
1156,0
1157,0
1158,2
1159,0
1160,1
1161,0
1162,0
1163,1
1164,0
1165,2
1166,1
1167,2
1168,1
1169,1
1170,0
1171,2
1172,0
1173,2
1174,1
1175,2
1176,0
1177,0
1178,2
1179,0
1180,1
1181,2
1182,0
1183,1
1184,1
1185,2
1186,1
1187,1
1188,0
1189,2
1190,0
1191,0
1192,0
1193,2
1194,0
1195,2
1196,1
1197,1
1198,1
1199,0
1200,2
1201,1
1202,2
1203,2
1204,2
1205,2
1206,2
1207,2
1208,2
1209,2
1210,0
1211,1
1212,0
1213,0
1214,2
1215,2
1216,2
1217,1
1218,0
1219,2
1220,0
1221,2
1222,2
1223,2
1224,1
1225,0
1226,2
1227,2
1228,1
1229,0
1230,1
1231,0
1232,0
1233,1
1234,1
1235,0
1236,0
1237,2
1238,2
1239,2
1240,2
1241,0
1242,0
1243,0
1244,0
1245,1
1246,1
1247,2
1248,1
1249,1
1250,2
1251,2
1252,0
1253,2
1254,2
1255,1
1256,0
1257,2
1258,2
1259,0
1260,1
1261,2
1262,0
1263,1
1264,1
1265,1
1266,2
1267,2
1268,0
1269,1
1270,0
1271,0
1272,1
1273,0
1274,1
1275,0
1276,1
1277,2
1278,2
1279,0
1280,2
1281,2
1282,0
1283,2
1284,1
1285,0
1286,2
1287,1
1288,2
1289,1
1290,1
1291,2
1292,0
1293,1
1294,2
1295,0
1296,0
1297,0
1298,0
1299,0
1300,0
1301,0
1302,2
1303,2
1304,2
1305,0
1306,0
1307,1
1308,0
1309,0
1310,2
1311,0
1312,1
1313,2
1314,1
1315,0
1316,2
1317,0
1318,0
1319,2
1320,0
1321,2
1322,1
1323,2
1324,2
1325,2
1326,0
1327,1
1328,2
1329,0
1330,2
1331,0
1332,1
1333,1
1334,1
1335,0
1336,2
1337,0
1338,2
1339,2
1340,1
1341,0
1342,0
1343,1
1344,1
1345,1
1346,0
1347,0
1348,1
1349,0
1350,1
1351,1
1352,2
1353,2
1354,2
1355,0
1356,0
1357,2
1358,2
1359,1
1360,1
1361,2
1362,2
1363,2
1364,2
1365,2
1366,1
1367,0
1368,0
1369,2
1370,2
1371,0
1372,1
1373,0
1374,0
1375,1
1376,0
1377,0
1378,0
1379,2
1380,1
1381,0
1382,2
1383,1
1384,2
1385,1
1386,1
1387,0
1388,2
1389,0
1390,1
1391,2
1392,0
1393,0
1394,0
1395,2
1396,2
1397,2
1398,2
1399,2
1400,0
1401,1
1402,1
1403,2
1404,1
1405,2
1406,1
1407,0
1408,2
1409,1
1410,2
1411,0
1412,0
1413,2
1414,0
1415,1
1416,0
1417,0
1418,2
1419,0
1420,2
1421,1
1422,0
1423,0
1424,1
1425,1
1426,2
1427,1
1428,0
1429,0
1430,2
1431,0
1432,2
1433,1
1434,0
1435,2
1436,2
1437,0
1438,0
1439,0
1440,0
1441,1
1442,0
1443,0
1444,0
1445,2
1446,1
1447,2
1448,0
1449,0
1450,2
1451,2
1452,2
1453,2
1454,2
1455,1
1456,1
1457,1
1458,0
1459,2
1460,2
1461,1
1462,0
1463,2
1464,2
1465,2
1466,0
1467,1
1468,1
1469,2
1470,0
1471,2
1472,0
1473,2
1474,0
1475,1
1476,0
1477,1
1478,2
1479,0
1480,0
1481,0
1482,1
1483,2
1484,1
1485,0
1486,0
1487,2
1488,0
1489,1
1490,0
1491,0
1492,2
1493,2
1494,2
1495,1
1496,0
1497,2
1498,2
1499,1
1500,0
1501,1
1502,0
1503,0
1504,1
1505,1
1506,0
1507,0
1508,2
1509,2
1510,1
1511,1
1512,1
1513,0
1514,1
1515,1
1516,1
1517,2
1518,2
1519,2
1520,2
1521,0
1522,2
1523,2
1524,2
1525,1
1526,1
1527,1
1528,2
1529,1
1530,2
1531,2
1532,0
1533,0
1534,1
1535,1
1536,1
1537,2
1538,0
1539,1
1540,0
1541,2
1542,0
1543,1
1544,0
1545,2
1546,1
1547,1
1548,1
1549,1
1550,0
1551,2
1552,2
1553,0
1554,0
1555,2
1556,0
1557,0
1558,1
1559,0
1560,1
1561,1
1562,1
1563,0
1564,1
1565,1
1566,0
1567,1
1568,2
1569,2
1570,2
1571,0
1572,0
1573,2
1574,1
1575,1
1576,1
1577,1
1578,1
1579,1
1580,0
1581,2
1582,0
1583,2
1584,2
1585,0
1586,1
1587,2
1588,0
1589,0
1590,1
1591,0
1592,1
1593,2
1594,1
1595,2
1596,0
1597,0
1598,1
1599,1
1600,0
1601,0
1602,1
1603,2
1604,0
1605,1
1606,2
1607,0
1608,0
1609,1
1610,0
1611,0
1612,0
1613,0
1614,1
1615,2
1616,0
1617,0
1618,0
1619,2
1620,2
1621,2
1622,0
1623,1
1624,0
1625,1
1626,2
1627,1
1628,2
1629,2
1630,2
1631,0
1632,0
1633,2
1634,1
1635,0
1636,0
1637,0
1638,2
1639,2
1640,1
1641,2
1642,0
1643,1
1644,1
1645,1
1646,0
1647,2
1648,0
1649,0
1650,0
1651,0
1652,0
1653,0
1654,1
1655,0
1656,1
1657,0
1658,2
1659,2
1660,1
1661,0
1662,0
1663,1
1664,2
1665,0
1666,0
1667,2
1668,1
1669,0
1670,1
1671,0
1672,0
1673,0
1674,1
1675,1
1676,0
1677,2
1678,2
1679,2
1680,1
1681,2
1682,2
1683,2
1684,2
1685,1
1686,2
1687,1
1688,0
1689,0
1690,1
1691,0
1692,2
1693,1
1694,1
1695,2
1696,2
1697,2
1698,1
1699,2
1700,1
1701,2
1702,1
1703,1
1704,2
1705,2
1706,1
1707,0
1708,2
1709,0
1710,2
1711,1
1712,1
1713,1
1714,2
1715,2
1716,0
1717,2
1718,1
1719,2
1720,1
1721,2
1722,2
1723,0
1724,1
1725,0
1726,0
1727,1
1728,2
1729,2
1730,1
1731,0
1732,1
1733,0
1734,1
1735,0
1736,0
1737,1
1738,2
1739,0
1740,2
1741,0
1742,1
1743,1
1744,0
1745,2
1746,0
1747,0
1748,2
1749,2
1750,1
1751,2
1752,1
1753,1
1754,1
1755,2
1756,2
1757,2
1758,2
1759,1
1760,0
1761,0
1762,0
1763,0
1764,2
1765,0
1766,2
1767,0
1768,2
1769,2
1770,2
1771,0
1772,0
1773,2
1774,0
1775,0
1776,2
1777,2
1778,2
1779,1
1780,0
1781,2
1782,0
1783,1
1784,2
1785,2
1786,0
1787,1
1788,0
1789,2
1790,1
1791,2
1792,2
1793,2
1794,2
1795,1
1796,1
1797,0
1798,2
1799,1
1800,2
1801,1
1802,0
1803,0
1804,0
1805,2
1806,0
1807,1
1808,2
1809,2
1810,1
1811,2
1812,1
1813,1
1814,1
1815,0
1816,0
1817,1
1818,1
1819,2
1820,2
1821,2
1822,1
1823,2
1824,1
1825,1
1826,1
1827,2
1828,2
1829,1
1830,1
1831,1
1832,2
1833,1
1834,2
1835,0
1836,1
1837,2
1838,0
1839,0
1840,1
1841,2
1842,1
1843,0
1844,1
1845,2
1846,1
1847,0
1848,1
1849,2
1850,0
1851,2
1852,1
1853,0
1854,0
1855,2
1856,2
1857,0
1858,1
1859,2
1860,0
1861,0
1862,0
1863,0
1864,1
1865,0
1866,0
1867,0
1868,2
1869,2
1870,0
1871,0
1872,0
1873,0
1874,2
1875,2
1876,2
1877,2
1878,1
1879,2
1880,1
1881,2
1882,2
1883,0
1884,0
1885,0
1886,1
1887,0
1888,2
1889,2
1890,1
1891,2
1892,2
1893,1
1894,0
1895,1
1896,2
1897,0
1898,1
1899,2
1900,1
1901,1
1902,2
1903,0
1904,2
1905,1
1906,0
1907,2
1908,0
1909,1
1910,0
1911,2
1912,2
1913,0
1914,0
1915,2
1916,2
1917,2
1918,1
1919,1
1920,0
1921,0
1922,0
1923,0
1924,1
1925,0
1926,1
1927,1
1928,2
1929,0
1930,0
1931,2
1932,1
1933,0
1934,1
1935,2
1936,2
1937,2
1938,2
1939,0
1940,0
1941,1
1942,1
1943,1
1944,2
1945,0
1946,0
1947,2
1948,2
1949,1
1950,0
1951,1
1952,0
1953,2
1954,0
1955,2
1956,0
1957,1
1958,1
1959,1
1960,0
1961,0
1962,0
1963,0
1964,2
1965,0
1966,0
1967,2
1968,2
1969,2
1970,0
1971,0
1972,2
1973,2
1974,1
1975,2
1976,1
1977,0
1978,1
1979,2
1980,1
1981,1
1982,2
1983,0
1984,1
1985,1
1986,0
1987,1
1988,1
1989,0
1990,0
1991,2
1992,0
1993,2
1994,1
1995,2
1996,0
1997,0
1998,0
1999,1
2000,0
2001,2
2002,0
2003,0
2004,1
2005,1
2006,1
2007,1
2008,0
2009,0
2010,2
2011,1
2012,0
2013,2
2014,0
2015,1
2016,1
2017,1
2018,1
2019,1
2020,1
2021,0
2022,0
2023,0
2024,2
2025,0
2026,0
2027,2
2028,1
2029,0
2030,2
2031,1
2032,0
2033,0
2034,1
2035,0
2036,1
2037,0
2038,0
2039,0
2040,1
2041,0
2042,0
2043,2
2044,2
2045,1
2046,2
2047,2
2048,0
2049,1
2050,1
2051,1
2052,2
2053,1
2054,2
2055,0
2056,0
2057,2
2058,2
2059,2
2060,1
2061,1
2062,2
2063,0
2064,1
2065,1
2066,0
2067,1
2068,2
2069,0
2070,2
2071,0
2072,2
2073,2
2074,2
2075,2
2076,2
2077,1
2078,2
2079,0
2080,1
2081,0
2082,2
2083,1
2084,2
2085,2
2086,2
2087,2
2088,0
2089,0
2090,2
2091,0
2092,2
2093,0
2094,2
2095,2
2096,0
2097,0
2098,2
2099,0
2100,2
2101,0
2102,2
2103,2
2104,1
2105,1
2106,0
2107,2
2108,2
2109,1
2110,1
2111,2
2112,2
2113,0
2114,0
2115,2
2116,1
2117,1
2118,0
2119,0
2120,1
2121,1
2122,0
2123,2
2124,0
2125,2
2126,1
2127,1
2128,0
2129,0
2130,0
2131,1
2132,2
2133,0
2134,1
2135,2
2136,0
2137,1
2138,1
2139,0
2140,0
2141,1
2142,0
2143,0
2144,0
2145,2
2146,1
2147,0
2148,0
2149,2
2150,0
2151,0
2152,1
2153,2
2154,2
2155,2
2156,0
2157,1
2158,2
2159,0
2160,1
2161,2
2162,2
2163,1
2164,1
2165,0
2166,2
2167,0
2168,0
2169,0
2170,1
2171,2
2172,1
2173,1
2174,2
2175,2
2176,0
2177,2
2178,0
2179,0
2180,1
2181,1
2182,0
2183,0
2184,0
2185,2
2186,2
2187,0
2188,2
2189,0
2190,2
2191,2
2192,2
2193,0
2194,0
2195,2
2196,0
2197,0
2198,0
2199,0
2200,0
2201,1
2202,1
2203,2
2204,0
2205,1
2206,0
2207,2
2208,1
2209,0
2210,0
2211,0
2212,2
2213,2
2214,0
2215,0
2216,2
2217,0
2218,1
2219,0
2220,2
2221,2
2222,1
2223,1
2224,0
2225,0
2226,2
2227,1
2228,2
2229,0
2230,1
2231,0
2232,1
2233,0
2234,0
2235,0
2236,2
2237,2
2238,2
2239,2
2240,2
2241,0
2242,1
2243,2
2244,1
2245,1
2246,1
2247,2
2248,1
2249,1
2250,0
2251,2
2252,1
2253,0
2254,0
2255,0
2256,0
2257,1
2258,1
2259,2
2260,0
2261,2
2262,0
2263,1
2264,0
2265,1
2266,1
2267,2
2268,0
2269,0
2270,2
2271,2
2272,0
2273,1
2274,0
2275,0
2276,2
2277,1
2278,1
2279,0
2280,2
2281,1
2282,1
2283,1
2284,0
2285,0
2286,0
2287,2
2288,1
2289,2
2290,0
2291,0
2292,1
2293,0
2294,0
2295,2
2296,1
2297,1
2298,0
2299,1
2300,0
2301,2
2302,0
2303,0
2304,1
2305,2
2306,2
2307,0
2308,0
2309,1
2310,1
2311,0
2312,1
2313,0
2314,1
2315,1
2316,2
2317,0
2318,2
2319,0
2320,2
2321,0
2322,1
2323,1
2324,2
2325,1
2326,1
2327,0
2328,2
2329,0
2330,0
2331,0
2332,1
2333,0
2334,2
2335,2
2336,2
2337,0
2338,2
2339,2
2340,0
2341,1
2342,1
2343,2
2344,0
2345,0
2346,2
2347,2
2348,1
2349,0
2350,1
2351,0
2352,1
2353,0
2354,1
2355,0
2356,1
2357,1
2358,1
2359,1
2360,2
2361,1
2362,2
2363,1
2364,2
2365,1
2366,1
2367,2
2368,0
2369,0
2370,1
2371,1
2372,2
2373,2
2374,1
2375,2
2376,1
2377,2
2378,0
2379,0
2380,0
2381,1
2382,0
2383,0
2384,0
2385,0
2386,1
2387,1
2388,0
2389,0
2390,1
2391,1
2392,2
2393,1
2394,0
2395,1
2396,2
2397,0
2398,1
2399,2
2400,2
2401,2
2402,0
2403,2
2404,2
2405,1
2406,0
2407,0
2408,1
2409,2
2410,2
2411,2
2412,0
2413,0
2414,0
2415,2
2416,2
2417,0
2418,0
2419,0
2420,0
2421,0
2422,0
2423,2
2424,1
2425,2
2426,1
2427,1
2428,2
2429,0
2430,2
2431,0
2432,1
2433,2
2434,0
2435,1
2436,0
2437,1
2438,2
2439,1
2440,0
2441,0
2442,1
2443,0
2444,1
2445,2
2446,0
2447,0
2448,1
2449,2
2450,0
2451,0
2452,0
2453,2
2454,0
2455,0
2456,2
2457,0
2458,0
2459,2
2460,2
2461,2
2462,0
2463,0
2464,1
2465,1
2466,0
2467,2
2468,0
2469,2
2470,1
2471,2
2472,1
2473,0
2474,1
2475,2
2476,0
2477,0
2478,0
2479,0
2480,2
2481,2
2482,2
2483,1
2484,2
2485,2
2486,2
2487,2
2488,0
2489,2
2490,2
2491,1
2492,0
2493,0
2494,2
2495,0
2496,0
2497,0
2498,1
2499,2
2500,2
2501,1
2502,1
2503,0
2504,0
2505,1
2506,1
2507,2
2508,2
2509,0
2510,0
2511,2
2512,0
2513,2
2514,0
2515,1
2516,0
2517,0
2518,1
2519,0
2520,2
2521,2
2522,2
2523,0
2524,1
2525,0
2526,0
2527,0
2528,0
2529,2
2530,0
2531,2
2532,1
2533,2
2534,2
2535,1
2536,0
2537,2
2538,2
2539,1
2540,0
2541,0
2542,0
2543,1
2544,0
2545,0
2546,0
2547,0
2548,0
2549,0
2550,0
2551,2
2552,2
2553,1
2554,1
2555,0
2556,0
2557,2
2558,2
2559,0
2560,2
2561,2
2562,2
2563,2
2564,2
2565,0
2566,2
2567,1
2568,1
2569,1
2570,0
2571,1
2572,1
2573,2
2574,0
2575,1
2576,0
2577,2
2578,0
2579,2
2580,0
2581,2
2582,0
2583,1
2584,1
2585,1
2586,2
2587,0
2588,1
2589,2
2590,0
2591,1
2592,2
2593,2
2594,1
2595,0
2596,1
2597,0
2598,1
2599,2
2600,1
2601,1
2602,1
2603,1
2604,1
2605,2
2606,0
2607,0
2608,1
2609,2
2610,2
2611,2
2612,2
2613,2
2614,2
2615,0
2616,0
2617,0
2618,2
2619,2
2620,0
2621,1
2622,2
2623,2
2624,0
2625,1
2626,2
2627,2
2628,0
2629,1
2630,0
2631,1
2632,1
2633,0
2634,0
2635,1
2636,1
2637,1
2638,0
2639,0
2640,0
2641,0
2642,0
2643,0
2644,2
2645,1
2646,0
2647,0
2648,0
2649,0
2650,1
2651,2
2652,2
2653,0
2654,2
2655,0
2656,1
2657,1
2658,2
2659,0
2660,1
2661,0
2662,0
2663,1
2664,0
2665,2
2666,2
2667,1
2668,2
2669,1
2670,2
2671,0
2672,2
2673,2
2674,2
2675,1
2676,2
2677,0
2678,2
2679,1
2680,2
2681,0
2682,2
2683,0
2684,0
2685,2
2686,2
2687,0
2688,1
2689,0
2690,0
2691,1
2692,0
2693,2
2694,1
2695,0
2696,2
2697,2
2698,2
2699,2
2700,1
2701,0
2702,1
2703,0
2704,0
2705,1
2706,1
2707,2
2708,2
2709,1
2710,1
2711,2
2712,2
2713,0
2714,1
2715,2
2716,0
2717,1
2718,2
2719,1
2720,2
2721,2
2722,2
2723,2
2724,1
2725,0
2726,0
2727,0
2728,0
2729,0
2730,1
2731,2
2732,1
2733,1
2734,0
2735,1
2736,0
2737,2
2738,1
2739,2
2740,1
2741,2
2742,2
2743,2
2744,2
2745,2
2746,1
2747,1
2748,2
2749,2
2750,2
2751,0
2752,1
2753,0
2754,1
2755,1
2756,1
2757,2
2758,2
2759,2
2760,2
2761,1
2762,1
2763,1
2764,1
2765,0
2766,1
2767,0
2768,0
2769,2
2770,0
2771,0
2772,2
2773,1
2774,2
2775,1
2776,0
2777,1
2778,0
2779,0
2780,1
2781,2
2782,0
2783,2
2784,2
2785,2
2786,2
2787,1
2788,2
2789,0
2790,1
2791,2
2792,0
2793,0
2794,0
2795,0
2796,0
2797,1
2798,2
2799,1
2800,0
2801,0
2802,1
2803,2
2804,0
2805,2
2806,0
2807,1
2808,2
2809,0
2810,2
2811,0
2812,2
2813,0
2814,0
2815,0
2816,2
2817,2
2818,0
2819,1
2820,0
2821,2
2822,0
2823,2
2824,0
2825,2
2826,2
2827,1
2828,1
2829,2
2830,1
2831,2
2832,1
2833,0
2834,1
2835,0
2836,0
2837,2
2838,0
2839,2
2840,1
2841,0
2842,2
2843,2
2844,0
2845,1
2846,0
2847,1
2848,2
2849,0
2850,1
2851,1
2852,0
2853,2
2854,0
2855,1
2856,1
2857,1
2858,0
2859,1
2860,0
2861,0
2862,1
2863,1
2864,0
2865,2
2866,2
2867,2
2868,1
2869,1
2870,2
2871,0
2872,1
2873,0
2874,0
2875,1
2876,1
2877,0
2878,1
2879,2
2880,1
2881,1
2882,2
2883,2
2884,0
2885,0
2886,2
2887,2
2888,2
2889,1
2890,0
2891,0
2892,1
2893,1
2894,0
2895,1
2896,1
2897,0
2898,1
2899,1
2900,0
2901,2
2902,1
2903,0
2904,1
2905,0
2906,0
2907,2
2908,2
2909,2
2910,1
2911,1
2912,0
2913,1
2914,0
2915,1
2916,0
2917,0
2918,2
2919,2
2920,1
2921,1
2922,0
2923,2
2924,2
2925,0
2926,1
2927,1
2928,2
2929,2
2930,2
2931,2
2932,0
2933,1
2934,0
2935,1
2936,2
2937,1
2938,0
2939,1
2940,2
2941,2
2942,1
2943,2
2944,2
2945,1
2946,2
2947,2
2948,1
2949,2
2950,1
2951,2
2952,0
2953,1
2954,0
2955,2
2956,0
2957,2
2958,0
2959,2
2960,1
2961,1
2962,2
2963,1
2964,2
2965,0
2966,1
2967,0
2968,1
2969,2
2970,2
2971,1
2972,2
2973,0
2974,2
2975,1
2976,0
2977,0
2978,0
2979,2
2980,0
2981,2
2982,0
2983,2
2984,2
2985,0
2986,0
2987,0
2988,2
2989,2
2990,2
2991,1
2992,2
2993,2
2994,2
2995,0
2996,0
2997,0
2998,0
2999,1
3000,2
3001,2
3002,2
3003,2
3004,2
3005,1
3006,2
3007,0
3008,0
3009,2
3010,2
3011,1
3012,1
3013,0
3014,1
3015,2
3016,2
3017,2
3018,1
3019,1
3020,2
3021,0
3022,2
3023,2
3024,1
3025,2
3026,2
3027,1
3028,1
3029,1
3030,2
3031,1
3032,2
3033,2
3034,0
3035,2
3036,2
3037,2
3038,0
3039,0
3040,1
3041,0
3042,0
3043,0
3044,1
3045,1
3046,2
3047,2
3048,1
3049,2
3050,0
3051,2
3052,0
3053,0
3054,2
3055,1
3056,0
3057,0
3058,2
3059,1
3060,0
3061,0
3062,2
3063,1
3064,1
3065,1
3066,0
3067,0
3068,2
3069,2
3070,2
3071,2
3072,2
3073,0
3074,1
3075,2
3076,2
3077,1
3078,0
3079,0
3080,1
3081,1
3082,2
3083,1
3084,1
3085,2
3086,1
3087,2
3088,2
3089,2
3090,0
3091,2
3092,1
3093,0
3094,2
3095,2
3096,0
3097,2
3098,0
3099,0
3100,0
3101,1
3102,2
3103,0
3104,2
3105,1
3106,2
3107,0
3108,2
3109,2
3110,0
3111,0
3112,2
3113,2
3114,1
3115,0
3116,0
3117,2
3118,1
3119,0
3120,1
3121,0
3122,0
3123,0
3124,0
3125,2
3126,2
3127,2
3128,1
3129,0
3130,0
3131,2
3132,2
3133,1
3134,0
3135,0
3136,0
3137,2
3138,2
3139,1
3140,1
3141,1
3142,2
3143,2
3144,2
3145,1
3146,0
3147,1
3148,1
3149,2
3150,0
3151,1
3152,0
3153,1
3154,1
3155,0
3156,0
3157,1
3158,2
3159,1
3160,0
3161,2
3162,2
3163,2
3164,0
3165,2
3166,1
3167,0
3168,2
3169,0
3170,1
3171,1
3172,1
3173,1
3174,2
3175,2
3176,2
3177,0
3178,2
3179,2
3180,2
3181,2
3182,2
3183,1
3184,2
3185,0
3186,2
3187,2
3188,0
3189,0
3190,0
3191,1
3192,0
3193,2
3194,1
3195,2
3196,2
3197,2
3198,0
3199,0
3200,2
3201,2
3202,0
3203,2
3204,0
3205,2
3206,2
3207,2
3208,2
3209,0
3210,1
3211,1
3212,0
3213,0
3214,0
3215,0
3216,1
3217,1
3218,2
3219,1
3220,0
3221,0
3222,2
3223,2
3224,1
3225,2
3226,2
3227,1
3228,2
3229,2
3230,0
3231,2
3232,0
3233,2
3234,0
3235,2
3236,1
3237,0
3238,0
3239,1
3240,0
3241,2
3242,1
3243,2
3244,0
3245,1
3246,2
3247,2
3248,1
3249,2
3250,0
3251,2
3252,1
3253,1
3254,0
3255,1
3256,1
3257,0
3258,2
3259,0
3260,1
3261,2
3262,2
3263,0
3264,1
3265,0
3266,1
3267,1
3268,1
3269,2
3270,0
3271,0
3272,2
3273,1
3274,2
3275,0
3276,1
3277,2
3278,2
3279,1
3280,2
3281,0
3282,0
3283,1
3284,0
3285,0
3286,1
3287,2
3288,2
3289,0
3290,1
3291,2
3292,0
3293,2
3294,1
3295,1
3296,0
3297,2
3298,0
3299,2
3300,2
3301,0
3302,2
3303,2
3304,1
3305,1
3306,2
3307,0
3308,0
3309,2
3310,0
3311,1
3312,0
3313,0
3314,0
3315,1
3316,0
3317,2
3318,2
3319,2
3320,0
3321,2
3322,0
3323,2
3324,2
3325,0
3326,0
3327,0
3328,2
3329,2
3330,0
3331,0
3332,2
3333,1
3334,2
3335,2
3336,2
3337,1
3338,2
3339,0
3340,1
3341,0
3342,0
3343,0
3344,0
3345,2
3346,0
3347,0
3348,2
3349,1
3350,0
3351,0
3352,0
3353,1
3354,0
3355,1
3356,2
3357,0
3358,1
3359,1
3360,2
3361,2
3362,0
3363,2
3364,1
3365,0
3366,1
3367,1
3368,0
3369,1
3370,0
3371,0
3372,2
3373,0
3374,2
3375,0
3376,2
3377,0
3378,1
3379,0
3380,1
3381,0
3382,2
3383,1
3384,2
3385,2
3386,0
3387,1
3388,2
3389,2
3390,1
3391,2
3392,2
3393,1
3394,0
3395,2
3396,1
3397,2
3398,2
3399,0
3400,0
3401,0
3402,1
3403,2
3404,0
3405,1
3406,2
3407,1
3408,1
3409,0
3410,0
3411,1
3412,1
3413,0
3414,2
3415,0
3416,0
3417,1
3418,2
3419,1
3420,1
3421,0
3422,2
3423,0
3424,2
3425,1
3426,1
3427,0
3428,1
3429,1
3430,1
3431,0
3432,0
3433,0
3434,2
3435,1
3436,0
3437,0
3438,1
3439,0
3440,1
3441,2
3442,0
3443,1
3444,0
3445,0
3446,0
3447,1
3448,0
3449,1
3450,0
3451,1
3452,2
3453,0
3454,0
3455,2
3456,2
3457,0
3458,1
3459,2
3460,2
3461,0
3462,2
3463,2
3464,0
3465,0
3466,2
3467,1
3468,0
3469,1
3470,0
3471,0
3472,0
3473,0
3474,2
3475,2
3476,2
3477,2
3478,0
3479,2
3480,1
3481,0
3482,0
3483,0
3484,0
3485,2
3486,0
3487,1
3488,1
3489,2
3490,0
3491,2
3492,0
3493,1
3494,0
3495,0
3496,1
3497,1
3498,0
3499,2
3500,2
3501,1
3502,2
3503,2
3504,2
3505,1
3506,2
3507,2
3508,2
3509,0
3510,0
3511,0
3512,2
3513,1
3514,0
3515,0
3516,2
3517,2
3518,0
3519,0
3520,2
3521,0
3522,0
3523,0
3524,0
3525,0
3526,1
3527,2
3528,0
3529,0
3530,2
3531,0
3532,2
3533,2
3534,2
3535,0
3536,2
3537,1
3538,2
3539,0
3540,1
3541,1
3542,2
3543,2
3544,1
3545,2
3546,2
3547,0
3548,1
3549,2
3550,1
3551,0
3552,1
3553,0
3554,2
3555,0
3556,2
3557,2
3558,1
3559,0
3560,0
3561,0
3562,1
3563,1
3564,2
3565,0
3566,0
3567,0
3568,2
3569,2
3570,2
3571,2
3572,2
3573,0
3574,0
3575,2
3576,2
3577,2
3578,2
3579,1
3580,1
3581,1
3582,1
3583,2
3584,2
3585,0
3586,2
3587,0
3588,0
3589,2
3590,2
3591,1
3592,1
3593,0
3594,1
3595,1
3596,2
3597,1
3598,0
3599,0
3600,0
3601,0
3602,0
3603,1
3604,2
3605,0
3606,0
3607,1
3608,1
3609,1
3610,0
3611,0
3612,1
3613,0
3614,2
3615,0
3616,2
3617,1
3618,0
3619,1
3620,2
3621,2
3622,0
3623,1
3624,1
3625,0
3626,0
3627,1
3628,1
3629,2
3630,0
3631,0
3632,0
3633,1
3634,2
3635,0
3636,2
3637,1
3638,1
3639,0
3640,2
3641,2
3642,2
3643,0
3644,2
3645,2
3646,1
3647,0
3648,2
3649,1
3650,2
3651,0
3652,0
3653,0
3654,0
3655,0
3656,2
3657,2
3658,1
3659,1
3660,0
3661,2
3662,2
3663,1
3664,1
3665,2
3666,1
3667,0
3668,1
3669,1
3670,2
3671,1
3672,2
3673,1
3674,1
3675,2
3676,1
3677,0
3678,1
3679,2
3680,2
3681,2
3682,2
3683,0
3684,0
3685,1
3686,0
3687,1
3688,1
3689,0
3690,2
3691,1
3692,0
3693,1
3694,2
3695,0
3696,2
3697,0
3698,1
3699,0
3700,0
3701,1
3702,2
3703,0
3704,2
3705,2
3706,0
3707,0
3708,1
3709,0
3710,1
3711,2
3712,1
3713,0
3714,1
3715,2
3716,2
3717,2
3718,0
3719,2
3720,2
3721,0
3722,2
3723,1
3724,1
3725,2
3726,0
3727,0
3728,0
3729,1
3730,1
3731,0
3732,0
3733,1
3734,1
3735,0
3736,0
3737,2
3738,0
3739,0
3740,0
3741,1
3742,2
3743,2
3744,2
3745,0
3746,2
3747,2
3748,2
3749,2
3750,2
3751,2
3752,2
3753,0
3754,0
3755,2
3756,0
3757,0
3758,1
3759,2
3760,0
3761,0
3762,0
3763,0
3764,0
3765,0
3766,2
3767,2
3768,2
3769,1
3770,0
3771,0
3772,1
3773,2
3774,1
3775,2
3776,1
3777,0
3778,2
3779,1
3780,0
3781,2
3782,2
3783,0
3784,0
3785,1
3786,2
3787,1
3788,1
3789,2
3790,1
3791,2
3792,1
3793,0
3794,0
3795,0
3796,2
3797,0
3798,0
3799,1
3800,0
3801,0
3802,2
3803,0
3804,2
3805,0
3806,0
3807,0
3808,2
3809,1
3810,0
3811,0
3812,0
3813,2
3814,1
3815,0
3816,2
3817,2
3818,2
3819,2
3820,1
3821,2
3822,1
3823,1
3824,0
3825,0
3826,0
3827,1
3828,0
3829,0
3830,0
3831,1
3832,1
3833,0
3834,0
3835,0
3836,2
3837,2
3838,1
3839,1
3840,0
3841,0
3842,1
3843,1
3844,0
3845,2
3846,0
3847,2
3848,1
3849,2
3850,2
3851,2
3852,1
3853,1
3854,0
3855,1
3856,1
3857,0
3858,0
3859,2
3860,0
3861,2
3862,0
3863,2
3864,2
3865,0
3866,0
3867,0
3868,2
3869,1
3870,2
3871,2
3872,2
3873,2
3874,0
3875,2
3876,1
3877,0
3878,1
3879,0
3880,0
3881,0
3882,0
3883,1
3884,1
3885,1
3886,2
3887,0
3888,1
3889,1
3890,0
3891,0
3892,0
3893,1
3894,0
3895,0
3896,2
3897,1
3898,0
3899,2
3900,0
3901,1
3902,1
3903,2
3904,0
3905,2
3906,2
3907,2
3908,1
3909,2
3910,2
3911,0
3912,1
3913,1
3914,0
3915,2
3916,0
3917,0
3918,0
3919,2
3920,0
3921,2
3922,2
3923,2
3924,2
3925,1
3926,2
3927,0
3928,2
3929,2
3930,2
3931,0
3932,0
3933,2
3934,1
3935,0
3936,2
3937,1
3938,2
3939,0
3940,2
3941,0
3942,2
3943,2
3944,2
3945,0
3946,2
3947,0
3948,0
3949,2
3950,1
3951,2
3952,1
3953,1
3954,2
3955,0
3956,2
3957,1
3958,1
3959,1
3960,0
3961,2
3962,0
3963,1
3964,1
3965,2
3966,1
3967,2
3968,2
3969,0
3970,1
3971,0
3972,2
3973,2
3974,2
3975,2
3976,1
3977,1
3978,0
3979,0
3980,2
3981,0
3982,0
3983,0
3984,2
3985,2
3986,0
3987,2
3988,2
3989,1
3990,2
3991,2
3992,1
3993,1
3994,0
3995,0
3996,2
3997,2
3998,1
3999,0
4000,0
4001,1
4002,0
4003,1
4004,2
4005,2
4006,0
4007,2
4008,2
4009,2
4010,0
4011,0
4012,0
4013,0
4014,0
4015,2
4016,0
4017,2
4018,0
4019,2
4020,0
4021,2
4022,2
4023,1
4024,1
4025,0
4026,0
4027,0
4028,2
4029,2
4030,2
4031,2
4032,2
4033,0
4034,2
4035,1
4036,0
4037,1
4038,2
4039,1
4040,1
4041,0
4042,0
4043,0
4044,1
4045,1
4046,1
4047,0
4048,2
4049,2
4050,0
4051,2
4052,0
4053,2
4054,0
4055,1
4056,1
4057,0
4058,0
4059,2
4060,1
4061,2
4062,2
4063,0
4064,1
4065,0
4066,0
4067,1
4068,2
4069,0
4070,0
4071,0
4072,1
4073,0
4074,2
4075,0
4076,0
4077,0
4078,1
4079,2
4080,0
4081,1
4082,1
4083,1
4084,0
4085,2
4086,0
4087,2
4088,0
4089,1
4090,2
4091,0
4092,0
4093,2
4094,0
4095,2
4096,0
4097,0
4098,2
4099,1
4100,0
4101,2
4102,0
4103,1
4104,2
4105,0
4106,0
4107,1
4108,0
4109,2
4110,2
4111,0
4112,0
4113,2
4114,2
4115,2
4116,0
4117,0
4118,2
4119,0
4120,1
4121,0
4122,0
4123,2
4124,2
4125,2
4126,0
4127,1
4128,1
4129,1
4130,2
4131,1
4132,1
4133,2
4134,2
4135,1
4136,2
4137,0
4138,2
4139,1
4140,1
4141,0
4142,1
4143,2
4144,1
4145,2
4146,0
4147,0
4148,0
4149,0
4150,1
4151,1
4152,1
4153,1
4154,0
4155,2
4156,2
4157,2
4158,1
4159,0
4160,2
4161,0
4162,1
4163,1
4164,0
4165,0
4166,0
4167,2
4168,0
4169,2
4170,2
4171,1
4172,0
4173,0
4174,0
4175,0
4176,0
4177,2
4178,1
4179,0
4180,0
4181,1
4182,2
4183,2
4184,2
4185,1
4186,1
4187,1
4188,0
4189,0
4190,2
4191,1
4192,2
4193,0
4194,1
4195,0
4196,2
4197,0
4198,0
4199,2
4200,2
4201,0
4202,2
4203,1
4204,0
4205,2
4206,0
4207,1
4208,1
4209,0
4210,1
4211,1
4212,1
4213,0
4214,1
4215,1
4216,1
4217,0
4218,1
4219,0
4220,0
4221,2
4222,2
4223,1
4224,2
4225,2
4226,0
4227,0
4228,1
4229,0
4230,0
4231,1
4232,2
4233,2
4234,0
4235,1
4236,1
4237,0
4238,2
4239,1
4240,0
4241,2
4242,2
4243,0
4244,1
4245,1
4246,1
4247,1
4248,0
4249,2
4250,1
4251,0
4252,1
4253,1
4254,2
4255,1
4256,1
4257,2
4258,2
4259,2
4260,2
4261,0
4262,2
4263,2
4264,2
4265,2
4266,0
4267,1
4268,2
4269,1
4270,2
4271,2
4272,1
4273,0
4274,2
4275,1
4276,2
4277,2
4278,0
4279,1
4280,0
4281,2
4282,2
4283,0
4284,0
4285,1
4286,0
4287,0
4288,2
4289,0
4290,2
4291,0
4292,1
4293,2
4294,2
4295,0
4296,2
4297,1
4298,0
4299,0
4300,1
4301,2
4302,1
4303,2
4304,2
4305,2
4306,1
4307,0
4308,1
4309,1
4310,0
4311,2
4312,2
4313,0
4314,2
4315,2
4316,1
4317,2
4318,0
4319,0
4320,2
4321,0
4322,0
4323,2
4324,1
4325,2
4326,1
4327,1
4328,2
4329,2
4330,1
4331,1
4332,2
4333,2
4334,1
4335,1
4336,1
4337,2
4338,1
4339,0
4340,1
4341,2
4342,0
4343,1
4344,0
4345,1
4346,0
4347,2
4348,2
4349,1
4350,0
4351,0
4352,2
4353,0
4354,1
4355,0
4356,1
4357,0
4358,0
4359,2
4360,0
4361,1
4362,1
4363,2
4364,0
4365,2
4366,2
4367,1
4368,0
4369,2
4370,2
4371,0
4372,2
4373,0
4374,0
4375,2
4376,0
4377,2
4378,1
4379,0
4380,0
4381,2
4382,2
4383,1
4384,1
4385,0
4386,0
4387,0
4388,1
4389,0
4390,2
4391,0
4392,2
4393,1
4394,1
4395,0
4396,0
4397,1
4398,0
4399,2
4400,2
4401,1
4402,2
4403,2
4404,0
4405,0
4406,0
4407,2
4408,1
4409,2
4410,1
4411,1
4412,2
4413,0
4414,2
4415,0
4416,2
4417,2
4418,0
4419,1
4420,1
4421,0
4422,1
4423,1
4424,2
4425,2
4426,0
4427,0
4428,0
4429,2
4430,0
4431,2
4432,0
4433,2
4434,2
4435,0
4436,0
4437,0
4438,2
4439,1
4440,2
4441,1
4442,0
4443,2
4444,2
4445,2
4446,0
4447,1
4448,2
4449,0
4450,2
4451,0
4452,2
4453,1
4454,1
4455,0
4456,0
4457,2
4458,2
4459,1
4460,1
4461,0
4462,2
4463,0
4464,0
4465,1
4466,1
4467,2
4468,0
4469,0
4470,2
4471,1
4472,1
4473,0
4474,2
4475,1
4476,2
4477,1
4478,2
4479,0
4480,2
4481,0
4482,1
4483,0
4484,1
4485,1
4486,2
4487,1
4488,0
4489,1
4490,2
4491,0
4492,2
4493,1
4494,0
4495,0
4496,1
4497,1
4498,0
4499,2
4500,2
4501,1
4502,2
4503,1
4504,1
4505,2
4506,0
4507,0
4508,1
4509,0
4510,1
4511,1
4512,2
4513,2
4514,0
4515,2
4516,0
4517,1
4518,0
4519,2
4520,1
4521,1
4522,2
4523,0
4524,0
4525,2
4526,1
4527,0
4528,1
4529,1
4530,1
4531,2
4532,2
4533,2
4534,1
4535,0
4536,0
4537,1
4538,1
4539,0
4540,2
4541,0
4542,1
4543,1
4544,2
4545,1
4546,2
4547,0
4548,1
4549,0
4550,0
4551,1
4552,1
4553,1
4554,1
4555,2
4556,0
4557,2
4558,2
4559,2
4560,2
4561,0
4562,2
4563,1
4564,1
4565,2
4566,2
4567,2
4568,1
4569,0
4570,1
4571,0
4572,2
4573,0
4574,1
4575,1
4576,1
4577,2
4578,2
4579,2
4580,2
4581,1
4582,0
4583,0
4584,1
4585,0
4586,0
4587,1
4588,0
4589,2
4590,0
4591,2
4592,1
4593,1
4594,0
4595,2
4596,0
4597,2
4598,0
4599,1
4600,0
4601,2
4602,2
4603,2
4604,1
4605,2
4606,0
4607,1
4608,0
4609,0
4610,0
4611,2
4612,2
4613,1
4614,2
4615,2
4616,2
4617,2
4618,1
4619,1
4620,2
4621,1
4622,2
4623,0
4624,0
4625,0
4626,2
4627,0
4628,1
4629,1
4630,1
4631,2
4632,0
4633,0
4634,0
4635,2
4636,1
4637,1
4638,1
4639,0
4640,0
4641,0
4642,0
4643,2
4644,0
4645,0
4646,0
4647,0
4648,0
4649,1
4650,2
4651,1
4652,1
4653,2
4654,0
4655,0
4656,2
4657,0
4658,2
4659,2
4660,1
4661,0
4662,0
4663,1
4664,2
4665,2
4666,0
4667,0
4668,0
4669,0
4670,2
4671,1
4672,0
4673,2
4674,1
4675,2
4676,2
4677,0
4678,1
4679,1
4680,0
4681,1
4682,2
4683,0
4684,2
4685,0
4686,1
4687,0
4688,2
4689,0
4690,2
4691,1
4692,0
4693,2
4694,1
4695,2
4696,0
4697,0
4698,2
4699,2
4700,0
4701,0
4702,0
4703,2
4704,0
4705,1
4706,1
4707,2
4708,1
4709,0
4710,2
4711,2
4712,1
4713,0
4714,1
4715,2
4716,0
4717,1
4718,0
4719,1
4720,0
4721,1
4722,2
4723,0
4724,0
4725,0
4726,0
4727,1
4728,2
4729,1
4730,0
4731,2
4732,0
4733,1
4734,2
4735,0
4736,2
4737,2
4738,2
4739,2
4740,2
4741,2
4742,0
4743,2
4744,1
4745,2
4746,1
4747,2
4748,2
4749,0
4750,2
4751,0
4752,0
4753,2
4754,2
4755,1
4756,1
4757,0
4758,2
4759,0
4760,1
4761,2
4762,1
4763,0
4764,1
4765,1
4766,1
4767,0
4768,1
4769,1
4770,1
4771,0
4772,0
4773,2
4774,0
4775,1
4776,0
4777,1
4778,1
4779,2
4780,2
4781,1
4782,0
4783,2
4784,1
4785,1
4786,2
4787,1
4788,2
4789,0
4790,0
4791,0
4792,2
4793,0
4794,1
4795,2
4796,2
4797,1
4798,0
4799,0
4800,0
4801,2
4802,0
4803,0
4804,1
4805,0
4806,2
4807,2
4808,0
4809,1
4810,2
4811,2
4812,2
4813,2
4814,0
4815,0
4816,2
4817,1
4818,2
4819,0
4820,0
4821,0
4822,1
4823,0
4824,2
4825,2
4826,1
4827,1
4828,2
4829,1
4830,2
4831,1
4832,1
4833,1
4834,2
4835,0
4836,2
4837,1
4838,2
4839,2
4840,0
4841,1
4842,2
4843,2
4844,0
4845,2
4846,0
4847,0
4848,2
4849,0
4850,1
4851,0
4852,0
4853,1
4854,1
4855,0
4856,0
4857,1
4858,2
4859,2
4860,1
4861,0
4862,0
4863,0
4864,0
4865,0
4866,1
4867,2
4868,2
4869,2
4870,1
4871,0
4872,2
4873,2
4874,1
4875,1
4876,1
4877,0
4878,1
4879,0
4880,2
4881,0
4882,0
4883,0
4884,0
4885,1
4886,1
4887,1
4888,0
4889,1
4890,1
4891,2
4892,0
4893,1
4894,2
4895,1
4896,1
4897,2
4898,2
4899,0
4900,1
4901,1
4902,0
4903,1
4904,2
4905,2
4906,1
4907,0
4908,2
4909,0
4910,0
4911,2
4912,2
4913,0
4914,2
4915,2
4916,2
4917,1
4918,1
4919,1
4920,0
4921,0
4922,2
4923,2
4924,0
4925,1
4926,2
4927,2
4928,2
4929,1
4930,2
4931,2
4932,2
4933,2
4934,2
4935,0
4936,0
4937,0
4938,2
4939,0
4940,2
4941,1
4942,0
4943,1
4944,1
4945,2
4946,1
4947,0
4948,1
4949,2
4950,0
4951,2
4952,2
4953,1
4954,1
4955,1
4956,0
4957,1
4958,2
4959,1
4960,1
4961,0
4962,2
4963,1
4964,1
4965,1
4966,0
4967,0
4968,1
4969,1
4970,0
4971,0
4972,0
4973,1
4974,1
4975,1
4976,2
4977,0
4978,0
4979,0
4980,2
4981,2
4982,1
4983,2
4984,2
4985,2
4986,2
4987,1
4988,2
4989,2
4990,2
4991,1
4992,0
4993,2
4994,1
4995,2
4996,2
4997,0
4998,0
4999,0
5000,1
5001,1
5002,2
5003,1
5004,0
5005,2
5006,0
5007,0
5008,2
5009,2
5010,0
5011,1
5012,0
5013,2
5014,2
5015,1
5016,2
5017,2
5018,1
5019,0
5020,2
5021,0
5022,0
5023,2
5024,2
5025,0
5026,1
5027,0
5028,2
5029,2
5030,2
5031,0
5032,0
5033,2
5034,2
5035,0
5036,1
5037,0
5038,0
5039,0
5040,0
5041,0
5042,1
5043,0
5044,2
5045,0
5046,2
5047,0
5048,1
5049,1
5050,2
5051,2
5052,1
5053,0
5054,1
5055,1
5056,2
5057,1
5058,1
5059,0
5060,2
5061,2
5062,0
5063,2
5064,1
5065,0
5066,0
5067,0
5068,0
5069,0
5070,1
5071,1
5072,2
5073,2
5074,2
5075,2
5076,0
5077,0
5078,1
5079,2
5080,2
5081,2
5082,2
5083,0
5084,1
5085,2
5086,0
5087,0
5088,2
5089,0
5090,2
5091,0
5092,1
5093,2
5094,2
5095,0
5096,1
5097,2
5098,0
5099,0
5100,1
5101,2
5102,0
5103,0
5104,2
5105,2
5106,1
5107,1
5108,1
5109,0
5110,0
5111,2
5112,1
5113,2
5114,1
5115,0
5116,2
5117,1
5118,1
5119,1
5120,1
5121,2
5122,1
5123,0
5124,2
5125,1
5126,2
5127,0
5128,0
5129,0
5130,1
5131,0
5132,0
5133,1
5134,0
5135,2
5136,0
5137,1
5138,2
5139,2
5140,1
5141,2
5142,0
5143,1
5144,1
5145,2
5146,1
5147,0
5148,1
5149,1
5150,0
5151,1
5152,1
5153,2
5154,0
5155,1
5156,1
5157,0
5158,2
5159,1
5160,0
5161,2
5162,1
5163,2
5164,2
5165,2
5166,0
5167,2
5168,0
5169,2
5170,1
5171,0
5172,2
5173,1
5174,2
5175,1
5176,1
5177,0
5178,2
5179,0
5180,1
5181,0
5182,2
5183,2
5184,0
5185,2
5186,0
5187,0
5188,2
5189,1
5190,1
5191,1
5192,2
5193,0
5194,2
